bigram,count,pmi
and_adaptation,2,4.8826430481063845
ahead_of,2,4.8826430481063845
discuss_mitigation,2,4.297680547803754
mitigation_and,2,4.297680547803754
global_warming,2,4.297680547803754
