period,anger,fear,trust,hope_proxy,token_count,anger_per_1k_tokens,fear_per_1k_tokens,trust_per_1k_tokens,hope_proxy_per_1k_tokens
post,1,2,4,6,56,17.857142857142858,35.714285714285715,71.42857142857143,107.14285714285714
pre,0,1,3,6,59,0.0,16.949152542372882,50.847457627118644,101.69491525423729
