period,topic_0,topic_1,topic_2,topic_3,topic_4,topic_5,topic_6,topic_7
post,0.05208655,0.05208655,0.3853664,0.052086554,0.052086543,0.30203778,0.052086547,0.052163012
pre,0.04166998,0.04166998,0.7081363,0.04166998,0.04166998,0.04175822,0.04166998,0.04175552
